{
  "context": {
    "date": "2025-05-09T23:14:24+04:00",
    "host_name": "hov-XPS-15-7590",
    "executable": "./build_release/build/bin/ucsb_bench",
    "num_cpus": 12,
    "mhz_per_cpu": 4500,
    "cpu_scaling_enabled": true,
    "caches": [
      {
        "type": "Data",
        "level": 1,
        "size": 32768,
        "num_sharing": 2
      },
      {
        "type": "Instruction",
        "level": 1,
        "size": 32768,
        "num_sharing": 2
      },
      {
        "type": "Unified",
        "level": 2,
        "size": 262144,
        "num_sharing": 2
      },
      {
        "type": "Unified",
        "level": 3,
        "size": 12582912,
        "num_sharing": 12
      }
    ],
    "load_avg": [
      2.40674,
      2.16943,
      2.19727
    ],
    "library_build_type": "release"
  },
  "benchmarks": [
    {
      "name": "WriteOnly/iterations:1/repeats:1/real_time/threads:1",
      "family_index": 0,
      "per_family_instance_index": 0,
      "run_name": "WriteOnly/iterations:1/repeats:1/real_time/threads:1",
      "run_type": "iteration",
      "repetitions": 1,
      "repetition_index": 0,
      "threads": 1,
      "iterations": 100000,
      "real_time": 7.893721050058957,
      "cpu_time": 7.89243426,
      "time_unit": "us",
      "bytes_per_second": 129723357.78097351,
      "cpu_avg,%": 188.75,
      "cpu_max,%": 210.0,
      "disk,bytes": 1488159014.0,
      "fails,%": 0.0,
      "mem_avg(rss),bytes": 215879224.0,
      "mem_avg(vm),bytes": 723237544.0,
      "mem_max(rss),bytes": 402817024.0,
      "mem_max(vm),bytes": 1060347904.0,
      "operations/s": 126682.96658298194,
      "processed,bytes": 102400000.0
    }
  ]
}
