{
  "context": {
    "date": "2025-05-09T23:31:26+04:00",
    "host_name": "hov-XPS-15-7590",
    "executable": "./build_release/build/bin/ucsb_bench",
    "num_cpus": 12,
    "mhz_per_cpu": 4500,
    "cpu_scaling_enabled": true,
    "caches": [
      {
        "type": "Data",
        "level": 1,
        "size": 32768,
        "num_sharing": 2
      },
      {
        "type": "Instruction",
        "level": 1,
        "size": 32768,
        "num_sharing": 2
      },
      {
        "type": "Unified",
        "level": 2,
        "size": 262144,
        "num_sharing": 2
      },
      {
        "type": "Unified",
        "level": 3,
        "size": 12582912,
        "num_sharing": 12
      }
    ],
    "load_avg": [
      0.983398,
      1.08887,
      1.46436
    ],
    "library_build_type": "release"
  },
  "benchmarks": [
    {
      "name": "RangeScan/iterations:1/repeats:1/real_time/threads:1",
      "family_index": 0,
      "per_family_instance_index": 0,
      "run_name": "RangeScan/iterations:1/repeats:1/real_time/threads:1",
      "run_type": "iteration",
      "repetitions": 1,
      "repetition_index": 0,
      "threads": 1,
      "iterations": 1000,
      "real_time": 1390.7567900023423,
      "cpu_time": 478.550446,
      "time_unit": "us",
      "bytes_per_second": 167837253.55718514,
      "cpu_avg,%": 34.09090805053711,
      "cpu_max,%": 40.0,
      "disk,bytes": 1256628393.0,
      "fails,%": 0.0,
      "mem_avg(rss),bytes": 24883196.0,
      "mem_avg(vm),bytes": 551572476.0,
      "mem_max(rss),bytes": 25423872.0,
      "mem_max(vm),bytes": 552062976.0,
      "operations/s": 163903.56792693862,
      "processed,bytes": 233420800.0
    }
  ]
}
