{
  "context": {
    "date": "2025-05-09T23:33:56+04:00",
    "host_name": "hov-XPS-15-7590",
    "executable": "./build_release/build/bin/ucsb_bench",
    "num_cpus": 12,
    "mhz_per_cpu": 4500,
    "cpu_scaling_enabled": true,
    "caches": [
      {
        "type": "Data",
        "level": 1,
        "size": 32768,
        "num_sharing": 2
      },
      {
        "type": "Instruction",
        "level": 1,
        "size": 32768,
        "num_sharing": 2
      },
      {
        "type": "Unified",
        "level": 2,
        "size": 262144,
        "num_sharing": 2
      },
      {
        "type": "Unified",
        "level": 3,
        "size": 12582912,
        "num_sharing": 12
      }
    ],
    "load_avg": [
      0.991211,
      1.05713,
      1.396
    ],
    "library_build_type": "release"
  },
  "benchmarks": [
    {
      "name": "ReadHeavy/iterations:1/repeats:1/real_time/threads:1",
      "family_index": 0,
      "per_family_instance_index": 0,
      "run_name": "ReadHeavy/iterations:1/repeats:1/real_time/threads:1",
      "run_type": "iteration",
      "repetitions": 1,
      "repetition_index": 0,
      "threads": 1,
      "iterations": 100000,
      "real_time": 57.07407684996724,
      "cpu_time": 14.04859729,
      "time_unit": "us",
      "bytes_per_second": 17941595.493376564,
      "cpu_avg,%": 24.278995513916016,
      "cpu_max,%": 40.0,
      "disk,bytes": 1169057616.0,
      "fails,%": 0.0,
      "mem_avg(rss),bytes": 457607883.0,
      "mem_avg(vm),bytes": 984326893.0,
      "mem_max(rss),bytes": 911212544.0,
      "mem_max(vm),bytes": 1438019584.0,
      "operations/s": 17521.08934900055,
      "processed,bytes": 102400000.0
    }
  ]
}
