{
  "context": {
    "date": "2025-05-09T23:22:05+04:00",
    "host_name": "hov-XPS-15-7590",
    "executable": "./build_release/build/bin/ucsb_bench",
    "num_cpus": 12,
    "mhz_per_cpu": 4500,
    "cpu_scaling_enabled": true,
    "caches": [
      {
        "type": "Data",
        "level": 1,
        "size": 32768,
        "num_sharing": 2
      },
      {
        "type": "Instruction",
        "level": 1,
        "size": 32768,
        "num_sharing": 2
      },
      {
        "type": "Unified",
        "level": 2,
        "size": 262144,
        "num_sharing": 2
      },
      {
        "type": "Unified",
        "level": 3,
        "size": 12582912,
        "num_sharing": 12
      }
    ],
    "load_avg": [
      1.37109,
      1.479,
      1.83057
    ],
    "library_build_type": "release"
  },
  "benchmarks": [
    {
      "name": "ReadHeavy/iterations:1/repeats:1/real_time/threads:1",
      "family_index": 0,
      "per_family_instance_index": 0,
      "run_name": "ReadHeavy/iterations:1/repeats:1/real_time/threads:1",
      "run_type": "iteration",
      "repetitions": 1,
      "repetition_index": 0,
      "threads": 1,
      "iterations": 100000,
      "real_time": 85.18182023006376,
      "cpu_time": 12.280625370000001,
      "time_unit": "us",
      "bytes_per_second": 12021344.42812239,
      "cpu_avg,%": 14.39746379852295,
      "cpu_max,%": 30.0,
      "disk,bytes": 2051100672.0,
      "fails,%": 0.0,
      "mem_avg(rss),bytes": 733032944.0,
      "mem_avg(vm),bytes": 2737522114560.0,
      "mem_max(rss),bytes": 1717960704.0,
      "mem_max(vm),bytes": 2737522114560.0,
      "operations/s": 11739.594168088272,
      "processed,bytes": 102400000.0
    }
  ]
}
