{
  "context": {
    "date": "2025-05-09T23:25:25+04:00",
    "host_name": "hov-XPS-15-7590",
    "executable": "./build_release/build/bin/ucsb_bench",
    "num_cpus": 12,
    "mhz_per_cpu": 4500,
    "cpu_scaling_enabled": true,
    "caches": [
      {
        "type": "Data",
        "level": 1,
        "size": 32768,
        "num_sharing": 2
      },
      {
        "type": "Instruction",
        "level": 1,
        "size": 32768,
        "num_sharing": 2
      },
      {
        "type": "Unified",
        "level": 2,
        "size": 262144,
        "num_sharing": 2
      },
      {
        "type": "Unified",
        "level": 3,
        "size": 12582912,
        "num_sharing": 12
      }
    ],
    "load_avg": [
      1.00635,
      1.27881,
      1.68359
    ],
    "library_build_type": "release"
  },
  "benchmarks": [
    {
      "name": "Remove/iterations:1/repeats:1/real_time/threads:1",
      "family_index": 0,
      "per_family_instance_index": 0,
      "run_name": "Remove/iterations:1/repeats:1/real_time/threads:1",
      "run_type": "iteration",
      "repetitions": 1,
      "repetition_index": 0,
      "threads": 1,
      "iterations": 55000,
      "real_time": 126.99169401841408,
      "cpu_time": 29.173207163636366,
      "time_unit": "us",
      "bytes_per_second": 8063519.491688313,
      "cpu_avg,%": 22.974027633666992,
      "cpu_max,%": 40.0,
      "disk,bytes": 2163077120.0,
      "fails,%": 0.0,
      "mem_avg(rss),bytes": 658313720.0,
      "mem_avg(vm),bytes": 2737522114560.0,
      "mem_max(rss),bytes": 1432092672.0,
      "mem_max(vm),bytes": 2737522114560.0,
      "operations/s": 7874.530753601868,
      "processed,bytes": 56320000.0
    }
  ]
}
