{
  "context": {
    "date": "2025-05-09T23:32:46+04:00",
    "host_name": "hov-XPS-15-7590",
    "executable": "./build_release/build/bin/ucsb_bench",
    "num_cpus": 12,
    "mhz_per_cpu": 4500,
    "cpu_scaling_enabled": true,
    "caches": [
      {
        "type": "Data",
        "level": 1,
        "size": 32768,
        "num_sharing": 2
      },
      {
        "type": "Instruction",
        "level": 1,
        "size": 32768,
        "num_sharing": 2
      },
      {
        "type": "Unified",
        "level": 2,
        "size": 262144,
        "num_sharing": 2
      },
      {
        "type": "Unified",
        "level": 3,
        "size": 12582912,
        "num_sharing": 12
      }
    ],
    "load_avg": [
      1.05762,
      1.09326,
      1.43457
    ],
    "library_build_type": "release"
  },
  "benchmarks": [
    {
      "name": "WriteOnly/iterations:1/repeats:1/real_time/threads:1",
      "family_index": 0,
      "per_family_instance_index": 0,
      "run_name": "WriteOnly/iterations:1/repeats:1/real_time/threads:1",
      "run_type": "iteration",
      "repetitions": 1,
      "repetition_index": 0,
      "threads": 1,
      "iterations": 100000,
      "real_time": 4.237887600029353,
      "cpu_time": 4.227275790000001,
      "time_unit": "us",
      "bytes_per_second": 241629815.75842348,
      "cpu_avg,%": 108.0,
      "cpu_max,%": 190.0,
      "disk,bytes": 1125201736.0,
      "fails,%": 0.0,
      "mem_avg(rss),bytes": 145976758.0,
      "mem_avg(vm),bytes": 715823980.0,
      "mem_max(rss),bytes": 231735296.0,
      "mem_max(vm),bytes": 763576320.0,
      "operations/s": 235966.61695158543,
      "processed,bytes": 102400000.0
    }
  ]
}
