{
  "context": {
    "date": "2025-05-09T23:28:02+04:00",
    "host_name": "hov-XPS-15-7590",
    "executable": "./build_release/build/bin/ucsb_bench",
    "num_cpus": 12,
    "mhz_per_cpu": 4500,
    "cpu_scaling_enabled": true,
    "caches": [
      {
        "type": "Data",
        "level": 1,
        "size": 32768,
        "num_sharing": 2
      },
      {
        "type": "Instruction",
        "level": 1,
        "size": 32768,
        "num_sharing": 2
      },
      {
        "type": "Unified",
        "level": 2,
        "size": 262144,
        "num_sharing": 2
      },
      {
        "type": "Unified",
        "level": 3,
        "size": 12582912,
        "num_sharing": 12
      }
    ],
    "load_avg": [
      0.972168,
      1.16602,
      1.57861
    ],
    "library_build_type": "release"
  },
  "benchmarks": [
    {
      "name": "ReadHeavy/iterations:1/repeats:1/real_time/threads:1",
      "family_index": 0,
      "per_family_instance_index": 0,
      "run_name": "ReadHeavy/iterations:1/repeats:1/real_time/threads:1",
      "run_type": "iteration",
      "repetitions": 1,
      "repetition_index": 0,
      "threads": 1,
      "iterations": 100000,
      "real_time": 71.58236085990211,
      "cpu_time": 13.206615549999999,
      "time_unit": "us",
      "bytes_per_second": 14305200.159633297,
      "cpu_avg,%": 18.47222137451172,
      "cpu_max,%": 30.0,
      "disk,bytes": 1257909581.0,
      "fails,%": 0.0,
      "mem_avg(rss),bytes": 25390022.0,
      "mem_avg(vm),bytes": 484687964.0,
      "mem_max(rss),bytes": 26198016.0,
      "mem_max(vm),bytes": 485912576.0,
      "operations/s": 13969.922030891892,
      "processed,bytes": 102400000.0
    }
  ]
}
