{
  "context": {
    "date": "2025-05-09T23:29:10+04:00",
    "host_name": "hov-XPS-15-7590",
    "executable": "./build_release/build/bin/ucsb_bench",
    "num_cpus": 12,
    "mhz_per_cpu": 4500,
    "cpu_scaling_enabled": true,
    "caches": [
      {
        "type": "Data",
        "level": 1,
        "size": 32768,
        "num_sharing": 2
      },
      {
        "type": "Instruction",
        "level": 1,
        "size": 32768,
        "num_sharing": 2
      },
      {
        "type": "Unified",
        "level": 2,
        "size": 262144,
        "num_sharing": 2
      },
      {
        "type": "Unified",
        "level": 3,
        "size": 12582912,
        "num_sharing": 12
      }
    ],
    "load_avg": [
      1.02832,
      1.1665,
      1.54785
    ],
    "library_build_type": "release"
  },
  "benchmarks": [
    {
      "name": "ReadMostly/iterations:1/repeats:1/real_time/threads:1",
      "family_index": 0,
      "per_family_instance_index": 0,
      "run_name": "ReadMostly/iterations:1/repeats:1/real_time/threads:1",
      "run_type": "iteration",
      "repetitions": 1,
      "repetition_index": 0,
      "threads": 1,
      "iterations": 100000,
      "real_time": 64.65681036002934,
      "cpu_time": 11.26754899,
      "time_unit": "us",
      "bytes_per_second": 15837465.447151627,
      "cpu_avg,%": 25.538461685180664,
      "cpu_max,%": 120.0,
      "disk,bytes": 1155366430.0,
      "fails,%": 0.0,
      "mem_avg(rss),bytes": 34024774.0,
      "mem_avg(vm),bytes": 627499674.0,
      "mem_max(rss),bytes": 137437184.0,
      "mem_max(vm),bytes": 820383744.0,
      "operations/s": 15466.274850734011,
      "processed,bytes": 102400000.0
    }
  ]
}
