{
  "context": {
    "date": "2025-05-09T23:30:28+04:00",
    "host_name": "hov-XPS-15-7590",
    "executable": "./build_release/build/bin/ucsb_bench",
    "num_cpus": 12,
    "mhz_per_cpu": 4500,
    "cpu_scaling_enabled": true,
    "caches": [
      {
        "type": "Data",
        "level": 1,
        "size": 32768,
        "num_sharing": 2
      },
      {
        "type": "Instruction",
        "level": 1,
        "size": 32768,
        "num_sharing": 2
      },
      {
        "type": "Unified",
        "level": 2,
        "size": 262144,
        "num_sharing": 2
      },
      {
        "type": "Unified",
        "level": 3,
        "size": 12582912,
        "num_sharing": 12
      }
    ],
    "load_avg": [
      0.837402,
      1.09375,
      1.49316
    ],
    "library_build_type": "release"
  },
  "benchmarks": [
    {
      "name": "Balanced/iterations:1/repeats:1/real_time/threads:1",
      "family_index": 0,
      "per_family_instance_index": 0,
      "run_name": "Balanced/iterations:1/repeats:1/real_time/threads:1",
      "run_type": "iteration",
      "repetitions": 1,
      "repetition_index": 0,
      "threads": 1,
      "iterations": 100000,
      "real_time": 42.04323067999212,
      "cpu_time": 8.815618149999999,
      "time_unit": "us",
      "bytes_per_second": 24355882.824373666,
      "cpu_avg,%": 25.539108276367188,
      "cpu_max,%": 100.0,
      "disk,bytes": 1204460024.0,
      "fails,%": 0.0,
      "mem_avg(rss),bytes": 50882271.0,
      "mem_avg(vm),bytes": 779138503.0,
      "mem_max(rss),bytes": 110231552.0,
      "mem_max(vm),bytes": 839581696.0,
      "operations/s": 23785.04182067741,
      "processed,bytes": 102400000.0
    }
  ]
}
