{
  "context": {
    "date": "2025-05-09T23:36:26+04:00",
    "host_name": "hov-XPS-15-7590",
    "executable": "./build_release/build/bin/ucsb_bench",
    "num_cpus": 12,
    "mhz_per_cpu": 4500,
    "cpu_scaling_enabled": true,
    "caches": [
      {
        "type": "Data",
        "level": 1,
        "size": 32768,
        "num_sharing": 2
      },
      {
        "type": "Instruction",
        "level": 1,
        "size": 32768,
        "num_sharing": 2
      },
      {
        "type": "Unified",
        "level": 2,
        "size": 262144,
        "num_sharing": 2
      },
      {
        "type": "Unified",
        "level": 3,
        "size": 12582912,
        "num_sharing": 12
      }
    ],
    "load_avg": [
      0.744629,
      0.946777,
      1.30127
    ],
    "library_build_type": "release"
  },
  "benchmarks": [
    {
      "name": "Remove/iterations:1/repeats:1/real_time/threads:1",
      "family_index": 0,
      "per_family_instance_index": 0,
      "run_name": "Remove/iterations:1/repeats:1/real_time/threads:1",
      "run_type": "iteration",
      "repetitions": 1,
      "repetition_index": 0,
      "threads": 1,
      "iterations": 55000,
      "real_time": 107.82764905465724,
      "cpu_time": 20.30082341818182,
      "time_unit": "us",
      "bytes_per_second": 9496636.613870159,
      "cpu_avg,%": 47.13636016845703,
      "cpu_max,%": 340.0,
      "disk,bytes": 1759012688.0,
      "fails,%": 0.0,
      "mem_avg(rss),bytes": 388484500.0,
      "mem_avg(vm),bytes": 852062865.0,
      "mem_max(rss),bytes": 756416512.0,
      "mem_max(vm),bytes": 1227669504.0,
      "operations/s": 9274.059193232577,
      "processed,bytes": 56320000.0
    }
  ]
}
