{
  "context": {
    "date": "2025-05-09T23:19:07+04:00",
    "host_name": "hov-XPS-15-7590",
    "executable": "./build_release/build/bin/ucsb_bench",
    "num_cpus": 12,
    "mhz_per_cpu": 4500,
    "cpu_scaling_enabled": true,
    "caches": [
      {
        "type": "Data",
        "level": 1,
        "size": 32768,
        "num_sharing": 2
      },
      {
        "type": "Instruction",
        "level": 1,
        "size": 32768,
        "num_sharing": 2
      },
      {
        "type": "Unified",
        "level": 2,
        "size": 262144,
        "num_sharing": 2
      },
      {
        "type": "Unified",
        "level": 3,
        "size": 12582912,
        "num_sharing": 12
      }
    ],
    "load_avg": [
      0.887695,
      1.51318,
      1.91406
    ],
    "library_build_type": "release"
  },
  "benchmarks": [
    {
      "name": "Remove/iterations:1/repeats:1/real_time/threads:1",
      "family_index": 0,
      "per_family_instance_index": 0,
      "run_name": "Remove/iterations:1/repeats:1/real_time/threads:1",
      "run_type": "iteration",
      "repetitions": 1,
      "repetition_index": 0,
      "threads": 1,
      "iterations": 55000,
      "real_time": 4.428384999945675,
      "cpu_time": 4.428372145454546,
      "time_unit": "us",
      "bytes_per_second": 231235540.72479287,
      "cpu_avg,%": 80.0,
      "cpu_max,%": 100.0,
      "disk,bytes": 1164998154.0,
      "fails,%": 0.0,
      "mem_avg(rss),bytes": 10590616.0,
      "mem_avg(vm),bytes": 115872563.0,
      "mem_max(rss),bytes": 11534336.0,
      "mem_max(vm),bytes": 170397696.0,
      "operations/s": 225815.95773905554,
      "processed,bytes": 56320000.0
    }
  ]
}
