{
  "context": {
    "date": "2025-05-09T23:26:24+04:00",
    "host_name": "hov-XPS-15-7590",
    "executable": "./build_release/build/bin/ucsb_bench",
    "num_cpus": 12,
    "mhz_per_cpu": 4500,
    "cpu_scaling_enabled": true,
    "caches": [
      {
        "type": "Data",
        "level": 1,
        "size": 32768,
        "num_sharing": 2
      },
      {
        "type": "Instruction",
        "level": 1,
        "size": 32768,
        "num_sharing": 2
      },
      {
        "type": "Unified",
        "level": 2,
        "size": 262144,
        "num_sharing": 2
      },
      {
        "type": "Unified",
        "level": 3,
        "size": 12582912,
        "num_sharing": 12
      }
    ],
    "load_avg": [
      1.00342,
      1.25098,
      1.64941
    ],
    "library_build_type": "release"
  },
  "benchmarks": [
    {
      "name": "WriteOnly/iterations:1/repeats:1/real_time/threads:1",
      "family_index": 0,
      "per_family_instance_index": 0,
      "run_name": "WriteOnly/iterations:1/repeats:1/real_time/threads:1",
      "run_type": "iteration",
      "repetitions": 1,
      "repetition_index": 0,
      "threads": 1,
      "iterations": 100000,
      "real_time": 5.797522229986498,
      "cpu_time": 2.9467589300000006,
      "time_unit": "us",
      "bytes_per_second": 176627179.57398584,
      "cpu_avg,%": 88.33333587646484,
      "cpu_max,%": 110.0,
      "disk,bytes": 1152031467.0,
      "fails,%": 0.0,
      "mem_avg(rss),bytes": 105932506.0,
      "mem_avg(vm),bytes": 518717438.0,
      "mem_max(rss),bytes": 229629952.0,
      "mem_max(vm),bytes": 717688832.0,
      "operations/s": 172487.48005272055,
      "processed,bytes": 102400000.0
    }
  ]
}
