{
  "context": {
    "date": "2025-05-09T23:35:58+04:00",
    "host_name": "hov-XPS-15-7590",
    "executable": "./build_release/build/bin/ucsb_bench",
    "num_cpus": 12,
    "mhz_per_cpu": 4500,
    "cpu_scaling_enabled": true,
    "caches": [
      {
        "type": "Data",
        "level": 1,
        "size": 32768,
        "num_sharing": 2
      },
      {
        "type": "Instruction",
        "level": 1,
        "size": 32768,
        "num_sharing": 2
      },
      {
        "type": "Unified",
        "level": 2,
        "size": 262144,
        "num_sharing": 2
      },
      {
        "type": "Unified",
        "level": 3,
        "size": 12582912,
        "num_sharing": 12
      }
    ],
    "load_avg": [
      0.793945,
      0.976074,
      1.32373
    ],
    "library_build_type": "release"
  },
  "benchmarks": [
    {
      "name": "RangeScan/iterations:1/repeats:1/real_time/threads:1",
      "family_index": 0,
      "per_family_instance_index": 0,
      "run_name": "RangeScan/iterations:1/repeats:1/real_time/threads:1",
      "run_type": "iteration",
      "repetitions": 1,
      "repetition_index": 0,
      "threads": 1,
      "iterations": 1000,
      "real_time": 729.9880479986314,
      "cpu_time": 290.68450100000007,
      "time_unit": "us",
      "bytes_per_second": 324052209.68829274,
      "cpu_avg,%": 36.25,
      "cpu_max,%": 50.0,
      "disk,bytes": 1169422160.0,
      "fails,%": 0.0,
      "mem_avg(rss),bytes": 142029618.0,
      "mem_avg(vm),bytes": 804115659.0,
      "mem_max(rss),bytes": 235012096.0,
      "mem_max(vm),bytes": 897056768.0,
      "operations/s": 316457.2360237234,
      "processed,bytes": 236554240.0
    }
  ]
}
