{
  "context": {
    "date": "2025-05-09T23:32:16+04:00",
    "host_name": "hov-XPS-15-7590",
    "executable": "./build_release/build/bin/ucsb_bench",
    "num_cpus": 12,
    "mhz_per_cpu": 4500,
    "cpu_scaling_enabled": true,
    "caches": [
      {
        "type": "Data",
        "level": 1,
        "size": 32768,
        "num_sharing": 2
      },
      {
        "type": "Instruction",
        "level": 1,
        "size": 32768,
        "num_sharing": 2
      },
      {
        "type": "Unified",
        "level": 2,
        "size": 262144,
        "num_sharing": 2
      },
      {
        "type": "Unified",
        "level": 3,
        "size": 12582912,
        "num_sharing": 12
      }
    ],
    "load_avg": [
      1.10645,
      1.10449,
      1.44873
    ],
    "library_build_type": "release"
  },
  "benchmarks": [
    {
      "name": "Remove/iterations:1/repeats:1/real_time/threads:1",
      "family_index": 0,
      "per_family_instance_index": 0,
      "run_name": "Remove/iterations:1/repeats:1/real_time/threads:1",
      "run_type": "iteration",
      "repetitions": 1,
      "repetition_index": 0,
      "threads": 1,
      "iterations": 55000,
      "real_time": 1.6372220363171601,
      "cpu_time": 1.3662062727272728,
      "time_unit": "us",
      "bytes_per_second": 625449680.7918803,
      "cpu_avg,%": 80.0,
      "cpu_max,%": 80.0,
      "disk,bytes": 1257161422.0,
      "fails,%": 0.0,
      "mem_avg(rss),bytes": 17642837.0,
      "mem_avg(vm),bytes": 543158272.0,
      "mem_max(rss),bytes": 18010112.0,
      "mem_max(vm),bytes": 543158272.0,
      "operations/s": 610790.7038983206,
      "processed,bytes": 56320000.0
    }
  ]
}
