{
  "context": {
    "date": "2025-05-09T23:35:18+04:00",
    "host_name": "hov-XPS-15-7590",
    "executable": "./build_release/build/bin/ucsb_bench",
    "num_cpus": 12,
    "mhz_per_cpu": 4500,
    "cpu_scaling_enabled": true,
    "caches": [
      {
        "type": "Data",
        "level": 1,
        "size": 32768,
        "num_sharing": 2
      },
      {
        "type": "Instruction",
        "level": 1,
        "size": 32768,
        "num_sharing": 2
      },
      {
        "type": "Unified",
        "level": 2,
        "size": 262144,
        "num_sharing": 2
      },
      {
        "type": "Unified",
        "level": 3,
        "size": 12582912,
        "num_sharing": 12
      }
    ],
    "load_avg": [
      1.00146,
      1.02979,
      1.35547
    ],
    "library_build_type": "release"
  },
  "benchmarks": [
    {
      "name": "Balanced/iterations:1/repeats:1/real_time/threads:1",
      "family_index": 0,
      "per_family_instance_index": 0,
      "run_name": "Balanced/iterations:1/repeats:1/real_time/threads:1",
      "run_type": "iteration",
      "repetitions": 1,
      "repetition_index": 0,
      "threads": 1,
      "iterations": 100000,
      "real_time": 41.667074889992364,
      "cpu_time": 11.62756419,
      "time_unit": "us",
      "bytes_per_second": 24575759.22244413,
      "cpu_avg,%": 27.813854217529297,
      "cpu_max,%": 40.0,
      "disk,bytes": 1169057616.0,
      "fails,%": 0.0,
      "mem_avg(rss),bytes": 369726669.0,
      "mem_avg(vm),bytes": 896437595.0,
      "mem_max(rss),bytes": 721158144.0,
      "mem_max(vm),bytes": 1247920128.0,
      "operations/s": 23999.764865668094,
      "processed,bytes": 102400000.0
    }
  ]
}
