{
  "context": {
    "date": "2025-05-09T23:26:53+04:00",
    "host_name": "hov-XPS-15-7590",
    "executable": "./build_release/build/bin/ucsb_bench",
    "num_cpus": 12,
    "mhz_per_cpu": 4500,
    "cpu_scaling_enabled": true,
    "caches": [
      {
        "type": "Data",
        "level": 1,
        "size": 32768,
        "num_sharing": 2
      },
      {
        "type": "Instruction",
        "level": 1,
        "size": 32768,
        "num_sharing": 2
      },
      {
        "type": "Unified",
        "level": 2,
        "size": 262144,
        "num_sharing": 2
      },
      {
        "type": "Unified",
        "level": 3,
        "size": 12582912,
        "num_sharing": 12
      }
    ],
    "load_avg": [
      0.847168,
      1.19629,
      1.61963
    ],
    "library_build_type": "release"
  },
  "benchmarks": [
    {
      "name": "ReadOnly/iterations:1/repeats:1/real_time/threads:1",
      "family_index": 0,
      "per_family_instance_index": 0,
      "run_name": "ReadOnly/iterations:1/repeats:1/real_time/threads:1",
      "run_type": "iteration",
      "repetitions": 1,
      "repetition_index": 0,
      "threads": 1,
      "iterations": 100000,
      "real_time": 72.08434888001648,
      "cpu_time": 13.06237436,
      "time_unit": "us",
      "bytes_per_second": 14205580.211377583,
      "cpu_avg,%": 18.05728530883789,
      "cpu_max,%": 30.0,
      "disk,bytes": 1256783958.0,
      "fails,%": 0.0,
      "mem_avg(rss),bytes": 24992224.0,
      "mem_avg(vm),bytes": 550828124.0,
      "mem_max(rss),bytes": 25165824.0,
      "mem_max(vm),bytes": 550998016.0,
      "operations/s": 13872.636925173421,
      "processed,bytes": 102400000.0
    }
  ]
}
