{
  "context": {
    "date": "2025-05-09T23:22:50+04:00",
    "host_name": "hov-XPS-15-7590",
    "executable": "./build_release/build/bin/ucsb_bench",
    "num_cpus": 12,
    "mhz_per_cpu": 4500,
    "cpu_scaling_enabled": true,
    "caches": [
      {
        "type": "Data",
        "level": 1,
        "size": 32768,
        "num_sharing": 2
      },
      {
        "type": "Instruction",
        "level": 1,
        "size": 32768,
        "num_sharing": 2
      },
      {
        "type": "Unified",
        "level": 2,
        "size": 262144,
        "num_sharing": 2
      },
      {
        "type": "Unified",
        "level": 3,
        "size": 12582912,
        "num_sharing": 12
      }
    ],
    "load_avg": [
      1.34961,
      1.45801,
      1.80664
    ],
    "library_build_type": "release"
  },
  "benchmarks": [
    {
      "name": "ReadMostly/iterations:1/repeats:1/real_time/threads:1",
      "family_index": 0,
      "per_family_instance_index": 0,
      "run_name": "ReadMostly/iterations:1/repeats:1/real_time/threads:1",
      "run_type": "iteration",
      "repetitions": 1,
      "repetition_index": 0,
      "threads": 1,
      "iterations": 100000,
      "real_time": 71.36018203993444,
      "cpu_time": 9.791389520000001,
      "time_unit": "us",
      "bytes_per_second": 14349739.178453205,
      "cpu_avg,%": 13.57323169708252,
      "cpu_max,%": 27.272727966308594,
      "disk,bytes": 2051100672.0,
      "fails,%": 0.0,
      "mem_avg(rss),bytes": 800102970.0,
      "mem_avg(vm),bytes": 2737522114560.0,
      "mem_max(rss),bytes": 1723596800.0,
      "mem_max(vm),bytes": 2737522114560.0,
      "operations/s": 14013.417166458208,
      "processed,bytes": 102400000.0
    }
  ]
}
