{
  "context": {
    "date": "2025-05-09T23:18:38+04:00",
    "host_name": "hov-XPS-15-7590",
    "executable": "./build_release/build/bin/ucsb_bench",
    "num_cpus": 12,
    "mhz_per_cpu": 4500,
    "cpu_scaling_enabled": true,
    "caches": [
      {
        "type": "Data",
        "level": 1,
        "size": 32768,
        "num_sharing": 2
      },
      {
        "type": "Instruction",
        "level": 1,
        "size": 32768,
        "num_sharing": 2
      },
      {
        "type": "Unified",
        "level": 2,
        "size": 262144,
        "num_sharing": 2
      },
      {
        "type": "Unified",
        "level": 3,
        "size": 12582912,
        "num_sharing": 12
      }
    ],
    "load_avg": [
      1.02979,
      1.604,
      1.95703
    ],
    "library_build_type": "release"
  },
  "benchmarks": [
    {
      "name": "RangeScan/iterations:1/repeats:1/real_time/threads:1",
      "family_index": 0,
      "per_family_instance_index": 0,
      "run_name": "RangeScan/iterations:1/repeats:1/real_time/threads:1",
      "run_type": "iteration",
      "repetitions": 1,
      "repetition_index": 0,
      "threads": 1,
      "iterations": 1000,
      "real_time": 776.5558999963105,
      "cpu_time": 222.81053,
      "time_unit": "us",
      "bytes_per_second": 305711555.3447317,
      "cpu_avg,%": 27.5,
      "cpu_max,%": 40.0,
      "disk,bytes": 1163404805.0,
      "fails,%": 0.0,
      "mem_avg(rss),bytes": 172104816.0,
      "mem_avg(vm),bytes": 1150164080.0,
      "mem_max(rss),bytes": 322859008.0,
      "mem_max(vm),bytes": 1267490816.0,
      "operations/s": 298546.44076633954,
      "processed,bytes": 237402112.0
    }
  ]
}
