{
  "context": {
    "date": "2025-05-09T23:15:09+04:00",
    "host_name": "hov-XPS-15-7590",
    "executable": "./build_release/build/bin/ucsb_bench",
    "num_cpus": 12,
    "mhz_per_cpu": 4500,
    "cpu_scaling_enabled": true,
    "caches": [
      {
        "type": "Data",
        "level": 1,
        "size": 32768,
        "num_sharing": 2
      },
      {
        "type": "Instruction",
        "level": 1,
        "size": 32768,
        "num_sharing": 2
      },
      {
        "type": "Unified",
        "level": 2,
        "size": 262144,
        "num_sharing": 2
      },
      {
        "type": "Unified",
        "level": 3,
        "size": 12582912,
        "num_sharing": 12
      }
    ],
    "load_avg": [
      2.11523,
      2.10303,
      2.17236
    ],
    "library_build_type": "release"
  },
  "benchmarks": [
    {
      "name": "ReadOnly/iterations:1/repeats:1/real_time/threads:1",
      "family_index": 0,
      "per_family_instance_index": 0,
      "run_name": "ReadOnly/iterations:1/repeats:1/real_time/threads:1",
      "run_type": "iteration",
      "repetitions": 1,
      "repetition_index": 0,
      "threads": 1,
      "iterations": 100000,
      "real_time": 23.41059522004798,
      "cpu_time": 7.13723198,
      "time_unit": "us",
      "bytes_per_second": 43740878.451611675,
      "cpu_avg,%": 119.58333587646484,
      "cpu_max,%": 170.0,
      "disk,bytes": 2164535733.0,
      "fails,%": 0.0,
      "mem_avg(rss),bytes": 783551032.0,
      "mem_avg(vm),bytes": 1769239341.0,
      "mem_max(rss),bytes": 1904717824.0,
      "mem_max(vm),bytes": 2200735744.0,
      "operations/s": 42715.70161290203,
      "processed,bytes": 102400000.0
    }
  ]
}
