{
  "context": {
    "date": "2025-05-09T23:33:16+04:00",
    "host_name": "hov-XPS-15-7590",
    "executable": "./build_release/build/bin/ucsb_bench",
    "num_cpus": 12,
    "mhz_per_cpu": 4500,
    "cpu_scaling_enabled": true,
    "caches": [
      {
        "type": "Data",
        "level": 1,
        "size": 32768,
        "num_sharing": 2
      },
      {
        "type": "Instruction",
        "level": 1,
        "size": 32768,
        "num_sharing": 2
      },
      {
        "type": "Unified",
        "level": 2,
        "size": 262144,
        "num_sharing": 2
      },
      {
        "type": "Unified",
        "level": 3,
        "size": 12582912,
        "num_sharing": 12
      }
    ],
    "load_avg": [
      0.972168,
      1.06738,
      1.41504
    ],
    "library_build_type": "release"
  },
  "benchmarks": [
    {
      "name": "ReadOnly/iterations:1/repeats:1/real_time/threads:1",
      "family_index": 0,
      "per_family_instance_index": 0,
      "run_name": "ReadOnly/iterations:1/repeats:1/real_time/threads:1",
      "run_type": "iteration",
      "repetitions": 1,
      "repetition_index": 0,
      "threads": 1,
      "iterations": 100000,
      "real_time": 51.59067971006152,
      "cpu_time": 13.737322810000002,
      "time_unit": "us",
      "bytes_per_second": 19848546.399366267,
      "cpu_avg,%": 26.346153259277344,
      "cpu_max,%": 50.0,
      "disk,bytes": 1169057616.0,
      "fails,%": 0.0,
      "mem_avg(rss),bytes": 445820374.0,
      "mem_avg(vm),bytes": 905654027.0,
      "mem_max(rss),bytes": 907935744.0,
      "mem_max(vm),bytes": 1367953408.0,
      "operations/s": 19383.34609313112,
      "processed,bytes": 102400000.0
    }
  ]
}
