{
  "context": {
    "date": "2025-05-09T23:16:00+04:00",
    "host_name": "hov-XPS-15-7590",
    "executable": "./build_release/build/bin/ucsb_bench",
    "num_cpus": 12,
    "mhz_per_cpu": 4500,
    "cpu_scaling_enabled": true,
    "caches": [
      {
        "type": "Data",
        "level": 1,
        "size": 32768,
        "num_sharing": 2
      },
      {
        "type": "Instruction",
        "level": 1,
        "size": 32768,
        "num_sharing": 2
      },
      {
        "type": "Unified",
        "level": 2,
        "size": 262144,
        "num_sharing": 2
      },
      {
        "type": "Unified",
        "level": 3,
        "size": 12582912,
        "num_sharing": 12
      }
    ],
    "load_avg": [
      1.52148,
      1.94629,
      2.11475
    ],
    "library_build_type": "release"
  },
  "benchmarks": [
    {
      "name": "ReadHeavy/iterations:1/repeats:1/real_time/threads:1",
      "family_index": 0,
      "per_family_instance_index": 0,
      "run_name": "ReadHeavy/iterations:1/repeats:1/real_time/threads:1",
      "run_type": "iteration",
      "repetitions": 1,
      "repetition_index": 0,
      "threads": 1,
      "iterations": 100000,
      "real_time": 21.202024550002534,
      "cpu_time": 5.54756195,
      "time_unit": "us",
      "bytes_per_second": 48297274.51663938,
      "cpu_avg,%": 113.18181610107422,
      "cpu_max,%": 170.0,
      "disk,bytes": 2025619046.0,
      "fails,%": 0.0,
      "mem_avg(rss),bytes": 598464061.0,
      "mem_avg(vm),bytes": 1667112598.0,
      "mem_max(rss),bytes": 1130754048.0,
      "mem_max(vm),bytes": 2154672128.0,
      "operations/s": 47165.307145155646,
      "processed,bytes": 102400000.0
    }
  ]
}
