{
  "context": {
    "date": "2025-05-09T23:24:40+04:00",
    "host_name": "hov-XPS-15-7590",
    "executable": "./build_release/build/bin/ucsb_bench",
    "num_cpus": 12,
    "mhz_per_cpu": 4500,
    "cpu_scaling_enabled": true,
    "caches": [
      {
        "type": "Data",
        "level": 1,
        "size": 32768,
        "num_sharing": 2
      },
      {
        "type": "Instruction",
        "level": 1,
        "size": 32768,
        "num_sharing": 2
      },
      {
        "type": "Unified",
        "level": 2,
        "size": 262144,
        "num_sharing": 2
      },
      {
        "type": "Unified",
        "level": 3,
        "size": 12582912,
        "num_sharing": 12
      }
    ],
    "load_avg": [
      1.06152,
      1.32666,
      1.71826
    ],
    "library_build_type": "release"
  },
  "benchmarks": [
    {
      "name": "RangeScan/iterations:1/repeats:1/real_time/threads:1",
      "family_index": 0,
      "per_family_instance_index": 0,
      "run_name": "RangeScan/iterations:1/repeats:1/real_time/threads:1",
      "run_type": "iteration",
      "repetitions": 1,
      "repetition_index": 0,
      "threads": 1,
      "iterations": 1000,
      "real_time": 9214.453814987792,
      "cpu_time": 1158.398891,
      "time_unit": "us",
      "bytes_per_second": 25587070.566950623,
      "cpu_avg,%": 12.570869445800781,
      "cpu_max,%": 30.0,
      "disk,bytes": 2163068928.0,
      "fails,%": 0.0,
      "mem_avg(rss),bytes": 777908113.0,
      "mem_avg(vm),bytes": 2737523171328.0,
      "mem_max(rss),bytes": 1924923392.0,
      "mem_max(vm),bytes": 2737523171328.0,
      "operations/s": 24987.373600537718,
      "processed,bytes": 235770880.0
    }
  ]
}
