{
  "context": {
    "date": "2025-05-09T23:17:46+04:00",
    "host_name": "hov-XPS-15-7590",
    "executable": "./build_release/build/bin/ucsb_bench",
    "num_cpus": 12,
    "mhz_per_cpu": 4500,
    "cpu_scaling_enabled": true,
    "caches": [
      {
        "type": "Data",
        "level": 1,
        "size": 32768,
        "num_sharing": 2
      },
      {
        "type": "Instruction",
        "level": 1,
        "size": 32768,
        "num_sharing": 2
      },
      {
        "type": "Unified",
        "level": 2,
        "size": 262144,
        "num_sharing": 2
      },
      {
        "type": "Unified",
        "level": 3,
        "size": 12582912,
        "num_sharing": 12
      }
    ],
    "load_avg": [
      1.23096,
      1.72021,
      2.01172
    ],
    "library_build_type": "release"
  },
  "benchmarks": [
    {
      "name": "Balanced/iterations:1/repeats:1/real_time/threads:1",
      "family_index": 0,
      "per_family_instance_index": 0,
      "run_name": "Balanced/iterations:1/repeats:1/real_time/threads:1",
      "run_type": "iteration",
      "repetitions": 1,
      "repetition_index": 0,
      "threads": 1,
      "iterations": 100000,
      "real_time": 23.797690850042272,
      "cpu_time": 9.65149154,
      "time_unit": "us",
      "bytes_per_second": 43029384.92867181,
      "cpu_avg,%": 125.41666412353516,
      "cpu_max,%": 180.0,
      "disk,bytes": 1927654854.0,
      "fails,%": 0.0,
      "mem_avg(rss),bytes": 590373677.0,
      "mem_avg(vm),bytes": 1494628428.0,
      "mem_max(rss),bytes": 1085894656.0,
      "mem_max(vm),bytes": 1969860608.0,
      "operations/s": 42020.88371940606,
      "processed,bytes": 102400000.0
    }
  ]
}
