{
  "context": {
    "date": "2025-05-09T23:23:32+04:00",
    "host_name": "hov-XPS-15-7590",
    "executable": "./build_release/build/bin/ucsb_bench",
    "num_cpus": 12,
    "mhz_per_cpu": 4500,
    "cpu_scaling_enabled": true,
    "caches": [
      {
        "type": "Data",
        "level": 1,
        "size": 32768,
        "num_sharing": 2
      },
      {
        "type": "Instruction",
        "level": 1,
        "size": 32768,
        "num_sharing": 2
      },
      {
        "type": "Unified",
        "level": 2,
        "size": 262144,
        "num_sharing": 2
      },
      {
        "type": "Unified",
        "level": 3,
        "size": 12582912,
        "num_sharing": 12
      }
    ],
    "load_avg": [
      1.14941,
      1.39844,
      1.77246
    ],
    "library_build_type": "release"
  },
  "benchmarks": [
    {
      "name": "Balanced/iterations:1/repeats:1/real_time/threads:1",
      "family_index": 0,
      "per_family_instance_index": 0,
      "run_name": "Balanced/iterations:1/repeats:1/real_time/threads:1",
      "run_type": "iteration",
      "repetitions": 1,
      "repetition_index": 0,
      "threads": 1,
      "iterations": 100000,
      "real_time": 91.35418592995849,
      "cpu_time": 26.562032690000002,
      "time_unit": "us",
      "bytes_per_second": 11209119.643243318,
      "cpu_avg,%": 28.893278121948242,
      "cpu_max,%": 60.0,
      "disk,bytes": 2163068928.0,
      "fails,%": 0.0,
      "mem_avg(rss),bytes": 857312334.0,
      "mem_avg(vm),bytes": 2737522114560.0,
      "mem_max(rss),bytes": 1786249216.0,
      "mem_max(vm),bytes": 2737522114560.0,
      "operations/s": 10946.405901604803,
      "processed,bytes": 102400000.0
    }
  ]
}
