{
  "context": {
    "date": "2025-05-09T23:21:20+04:00",
    "host_name": "hov-XPS-15-7590",
    "executable": "./build_release/build/bin/ucsb_bench",
    "num_cpus": 12,
    "mhz_per_cpu": 4500,
    "cpu_scaling_enabled": true,
    "caches": [
      {
        "type": "Data",
        "level": 1,
        "size": 32768,
        "num_sharing": 2
      },
      {
        "type": "Instruction",
        "level": 1,
        "size": 32768,
        "num_sharing": 2
      },
      {
        "type": "Unified",
        "level": 2,
        "size": 262144,
        "num_sharing": 2
      },
      {
        "type": "Unified",
        "level": 3,
        "size": 12582912,
        "num_sharing": 12
      }
    ],
    "load_avg": [
      1.29883,
      1.50049,
      1.85693
    ],
    "library_build_type": "release"
  },
  "benchmarks": [
    {
      "name": "ReadOnly/iterations:1/repeats:1/real_time/threads:1",
      "family_index": 0,
      "per_family_instance_index": 0,
      "run_name": "ReadOnly/iterations:1/repeats:1/real_time/threads:1",
      "run_type": "iteration",
      "repetitions": 1,
      "repetition_index": 0,
      "threads": 1,
      "iterations": 100000,
      "real_time": 90.10069259995362,
      "cpu_time": 11.549733300000002,
      "time_unit": "us",
      "bytes_per_second": 11365062.470124977,
      "cpu_avg,%": 12.858585357666016,
      "cpu_max,%": 30.0,
      "disk,bytes": 2051100672.0,
      "fails,%": 0.0,
      "mem_avg(rss),bytes": 710001156.0,
      "mem_avg(vm),bytes": 2737522114560.0,
      "mem_max(rss),bytes": 1705246720.0,
      "mem_max(vm),bytes": 2737522114560.0,
      "operations/s": 11098.693818481423,
      "processed,bytes": 102400000.0
    }
  ]
}
