{
  "context": {
    "date": "2025-05-09T23:16:52+04:00",
    "host_name": "hov-XPS-15-7590",
    "executable": "./build_release/build/bin/ucsb_bench",
    "num_cpus": 12,
    "mhz_per_cpu": 4500,
    "cpu_scaling_enabled": true,
    "caches": [
      {
        "type": "Data",
        "level": 1,
        "size": 32768,
        "num_sharing": 2
      },
      {
        "type": "Instruction",
        "level": 1,
        "size": 32768,
        "num_sharing": 2
      },
      {
        "type": "Unified",
        "level": 2,
        "size": 262144,
        "num_sharing": 2
      },
      {
        "type": "Unified",
        "level": 3,
        "size": 12582912,
        "num_sharing": 12
      }
    ],
    "load_avg": [
      1.25146,
      1.81299,
      2.05957
    ],
    "library_build_type": "release"
  },
  "benchmarks": [
    {
      "name": "ReadMostly/iterations:1/repeats:1/real_time/threads:1",
      "family_index": 0,
      "per_family_instance_index": 0,
      "run_name": "ReadMostly/iterations:1/repeats:1/real_time/threads:1",
      "run_type": "iteration",
      "repetitions": 1,
      "repetition_index": 0,
      "threads": 1,
      "iterations": 100000,
      "real_time": 22.620172110036947,
      "cpu_time": 7.25810283,
      "time_unit": "us",
      "bytes_per_second": 45269328.412653156,
      "cpu_avg,%": 120.43478393554688,
      "cpu_max,%": 190.0,
      "disk,bytes": 1516034865.0,
      "fails,%": 0.0,
      "mem_avg(rss),bytes": 706559653.0,
      "mem_avg(vm),bytes": 1527625552.0,
      "mem_max(rss),bytes": 1331003392.0,
      "mem_max(vm),bytes": 1829003264.0,
      "operations/s": 44208.3285279816,
      "processed,bytes": 102400000.0
    }
  ]
}
