{
  "context": {
    "date": "2025-05-09T23:19:47+04:00",
    "host_name": "hov-XPS-15-7590",
    "executable": "./build_release/build/bin/ucsb_bench",
    "num_cpus": 12,
    "mhz_per_cpu": 4500,
    "cpu_scaling_enabled": true,
    "caches": [
      {
        "type": "Data",
        "level": 1,
        "size": 32768,
        "num_sharing": 2
      },
      {
        "type": "Instruction",
        "level": 1,
        "size": 32768,
        "num_sharing": 2
      },
      {
        "type": "Unified",
        "level": 2,
        "size": 262144,
        "num_sharing": 2
      },
      {
        "type": "Unified",
        "level": 3,
        "size": 12582912,
        "num_sharing": 12
      }
    ],
    "load_avg": [
      1.31152,
      1.55664,
      1.91064
    ],
    "library_build_type": "release"
  },
  "benchmarks": [
    {
      "name": "WriteOnly/iterations:1/repeats:1/real_time/threads:1",
      "family_index": 0,
      "per_family_instance_index": 0,
      "run_name": "WriteOnly/iterations:1/repeats:1/real_time/threads:1",
      "run_type": "iteration",
      "repetitions": 1,
      "repetition_index": 0,
      "threads": 1,
      "iterations": 100000,
      "real_time": 46.44613765995018,
      "cpu_time": 32.04766283,
      "time_unit": "us",
      "bytes_per_second": 22047043.125460573,
      "cpu_avg,%": 68.08509826660156,
      "cpu_max,%": 110.0,
      "disk,bytes": 2051100672.0,
      "fails,%": 0.0,
      "mem_avg(rss),bytes": 484237302.0,
      "mem_avg(vm),bytes": 2737522346739.0,
      "mem_max(rss),bytes": 742391808.0,
      "mem_max(vm),bytes": 2737522356224.0,
      "operations/s": 21530.31555220759,
      "processed,bytes": 102400000.0
    }
  ]
}
