{
  "context": {
    "date": "2025-05-09T23:34:37+04:00",
    "host_name": "hov-XPS-15-7590",
    "executable": "./build_release/build/bin/ucsb_bench",
    "num_cpus": 12,
    "mhz_per_cpu": 4500,
    "cpu_scaling_enabled": true,
    "caches": [
      {
        "type": "Data",
        "level": 1,
        "size": 32768,
        "num_sharing": 2
      },
      {
        "type": "Instruction",
        "level": 1,
        "size": 32768,
        "num_sharing": 2
      },
      {
        "type": "Unified",
        "level": 2,
        "size": 262144,
        "num_sharing": 2
      },
      {
        "type": "Unified",
        "level": 3,
        "size": 12582912,
        "num_sharing": 12
      }
    ],
    "load_avg": [
      0.883789,
      1.01807,
      1.36621
    ],
    "library_build_type": "release"
  },
  "benchmarks": [
    {
      "name": "ReadMostly/iterations:1/repeats:1/real_time/threads:1",
      "family_index": 0,
      "per_family_instance_index": 0,
      "run_name": "ReadMostly/iterations:1/repeats:1/real_time/threads:1",
      "run_type": "iteration",
      "repetitions": 1,
      "repetition_index": 0,
      "threads": 1,
      "iterations": 100000,
      "real_time": 56.99689954999485,
      "cpu_time": 14.47247722,
      "time_unit": "us",
      "bytes_per_second": 17965889.514776114,
      "cpu_avg,%": 25.438596725463867,
      "cpu_max,%": 40.0,
      "disk,bytes": 1169057616.0,
      "fails,%": 0.0,
      "mem_avg(rss),bytes": 459520338.0,
      "mem_avg(vm),bytes": 986339173.0,
      "mem_max(rss),bytes": 909639680.0,
      "mem_max(vm),bytes": 1436655616.0,
      "operations/s": 17544.81397927355,
      "processed,bytes": 102400000.0
    }
  ]
}
